,1,2,3,geometry
0,0.5703168121323613,-0.22538551868291748,0.0,POINT (594438.8603141847 6732187.012901059)
1,0.5711415764769594,-0.21965547382431697,0.0,POINT (594451.6960183126 6732218.738862242)
2,0.4596742033313592,-0.23927386441978196,0.0,POINT (594467.2149814856 6732239.820776608)
3,0.5048239927562016,-0.24779274964155618,0.0,POINT (594481.1179220319 6732250.606862725)
4,1.1631488643504866,-0.24958750188409887,0.0,POINT (594514.7829101225 6732240.670590894)
5,1.3062544389900161,-0.23351715555516722,0.0,POINT (594495.4336450474 6732216.090713006)
6,1.3062544389900161,-0.23351715555516722,0.0,POINT (594493.4162634562 6732201.531803959)
7,1.1616505868548663,-0.18615058124716602,0.0,POINT (594480.8303485834 6732185.202181046)
8,0.8988542669839445,-0.21015858760361492,0.0,POINT (594458.6655093916 6732168.858786896)
9,1.603652976217811,-0.005659375599488076,0.0,POINT (594498.1546222963 6732139.067032295)
10,1.7867111073057202,-0.08123860632921995,0.0,POINT (594521.3155015293 6732158.374366037)
11,1.795860960588115,-0.16784173096342062,0.0,POINT (594532.3973795157 6732181.541849508)
12,1.8292880492723238,-0.22584894504214534,0.0,POINT (594543.8083380932 6732199.444261427)
13,1.6861992041044005,-0.23642423558873368,0.0,POINT (594563.7667476789 6732219.939384908)
14,1.9862508466119315,-0.16130145675632082,0.0,POINT (594591.3329559255 6732193.78280662)
15,2.0493238167884407,-0.03582451962580961,0.0,POINT (594564.637359113 6732163.47565872)
16,2.001000923735467,0.0889414708034691,0.0,POINT (594549.7854349101 6732136.040867309)
17,1.8252822616990056,0.04304053220795806,0.0,POINT (594529.0101860502 6732119.914443278)
18,2.051990602947804,0.27292889844949864,0.0,POINT (594572.4911344608 6732109.033041764)
19,2.1543644729874263,0.2286024227254006,0.0,POINT (594595.0039870238 6732137.201445756)
20,2.162080564416537,0.11294242633987173,0.0,POINT (594604.9377163383 6732155.021938995)
21,1.9158497242261885,0.10663654082038948,0.0,POINT (594626.6099150094 6732171.497105146)
22,2.0855730444909972,0.31209855724494917,0.0,POINT (594640.3509066661 6732134.86393732)
23,1.8272064232472573,0.4707129109913622,0.0,POINT (594679.8951007203 6732130.546998666)
24,2.004439906814932,0.46095966715564135,0.0,POINT (594656.4805141237 6732104.294233328)
25,2.04456339939469,0.44822353690676076,0.0,POINT (594625.7503130573 6732071.16038248)
26,2.030080174101844,0.4051302510849528,0.0,POINT (594599.1493248957 6732070.989725624)
27,1.9390746792072948,0.36367955702550986,0.0,POINT (594586.0720416114 6732091.022109936)
28,1.842969519607924,0.47326836273522865,0.0,POINT (594661.6253439412 6732044.200202976)
29,1.842969519607924,0.47326836273522865,0.0,POINT (594661.6253439412 6732044.200202976)
30,1.7358489362769327,0.5530196643498466,0.0,POINT (594696.0317053453 6732098.139481459)
31,1.7358489362769327,0.5530196643498466,0.0,POINT (594696.0317053453 6732098.139481459)
32,1.570615333171749,0.5730392179332728,0.0,POINT (594718.7475378435 6732089.7408734495)
33,1.5127819421146211,0.5628604721424576,0.0,POINT (594741.1099465772 6732073.680877834)
34,1.6762914557345263,0.5115996878417745,0.0,POINT (594716.2428338368 6732047.883072786)
35,1.6774310922438394,0.42339734426667724,0.0,POINT (594697.8757997705 6732022.603981047)
36,1.7031620512932986,0.3340836162623759,0.0,POINT (594679.9298003841 6732004.291184234)
37,1.4860425766646916,0.3078608563314164,0.0,POINT (594726.2519492252 6731973.805500336)
38,1.1777049117419944,0.33565900152750483,0.0,POINT (594760.7149678103 6731969.169332269)
39,0.8859784421604968,0.47891194583326374,0.0,POINT (594788.2763878723 6732014.894356237)
40,0.8859784421604968,0.47891194583326374,0.0,POINT (594788.2763878723 6732014.894356237)
41,1.0116847795845536,0.5421356420258797,0.0,POINT (594767.048209527 6732037.684300685)
42,1.5149027423166865,0.35883731927879225,0.0,POINT (594741.772574687 6732000.794941189)
43,1.193601620035194,0.5778163545119694,0.0,POINT (594764.5383054672 6732110.31882353)
44,0.5863399041379953,0.5529395780304605,0.0,POINT (594778.6934759676 6732143.915198674)
45,1.1633305571592159,0.568903720816994,0.0,POINT (594740.2546569629 6732147.687404028)
46,1.1296381653796435,0.4502146761572783,0.0,POINT (594704.183352424 6732179.482491928)
47,1.1296381653796435,0.4502146761572783,0.0,POINT (594704.183352424 6732179.482491928)
48,1.1045222433612787,0.2271961180047038,0.0,POINT (594675.0176374255 6732198.596779642)
49,1.4169684964946698,0.11396031948274833,0.0,POINT (594649.5380721644 6732214.620617284)
50,1.3564409701556885,-0.08123077164390469,0.0,POINT (594620.0637605971 6732237.618457696)
51,1.133478509083406,-0.25691934324781907,0.0,POINT (594587.3976799715 6732254.577749993)
52,0.7016360523585828,-0.2159304231543502,0.0,POINT (594433.4292542278 6732143.657878068)
53,0.18893660512571536,-0.2523115289646963,0.0,POINT (594394.124607913 6732134.807944322)
54,0.13424285413225848,-0.2291982037098838,0.0,POINT (594386.4930785176 6732107.593715612)
55,0.4572679520327071,-0.21299942993019305,0.0,POINT (594411.6512672154 6732087.742282918)
56,0.7668766480795925,-0.18954134029377492,0.0,POINT (594424.6822011916 6732113.469496461)
57,1.3778629736872117,-0.012561188429184033,0.0,POINT (594482.3574943099 6732109.973932951)
58,1.5125061691516941,0.13796892825203597,0.0,POINT (594508.1585811261 6732092.19689665)
59,1.6238567499527934,0.2322319918128424,0.0,POINT (594519.3206886144 6732071.471889386)
60,1.5179276200977732,0.3012190845490149,0.0,POINT (594532.9048577608 6732052.064955395)
61,1.182489311637394,0.205777089944824,0.0,POINT (594508.6872340225 6732019.819235168)
62,1.3661363356581298,0.18777038183181408,0.0,POINT (594506.9462378873 6732057.4216215)
63,1.1900814456334654,0.20711331458154783,0.0,POINT (594493.7938914552 6732036.887687979)
64,1.5740012090764972,0.35893331472273726,0.0,POINT (594555.558692703 6732033.387207389)
65,1.6098744632005135,0.3805012827970868,0.0,POINT (594585.9050079994 6732019.011706134)
66,1.5873168566964677,0.21158311590297113,0.0,POINT (594617.4431860478 6731989.068837661)
67,1.625626857615035,0.08588735517338186,0.0,POINT (594601.081189436 6731947.952520985)
68,1.6108706203949403,0.19583732454174305,0.0,POINT (594574.3061563539 6731978.668199605)
69,1.3609578143917902,0.23436968179648582,0.0,POINT (594538.1901658905 6731994.608637714)
70,1.7112507736030553,0.11424654815452814,0.0,POINT (594660.748017801 6731965.539405014)
71,1.7029606404334166,-0.02630838758226991,0.0,POINT (594637.681662254 6731932.818314864)
72,1.5110819893548404,0.20282943366836595,0.0,POINT (594698.0185626907 6731944.846173318)
73,1.475673732858095,0.20208885394194118,0.0,POINT (594721.0097991508 6731927.284398301)
74,1.3749869257286618,0.19960737676881116,0.0,POINT (594742.1755101576 6731914.219658697)
75,1.2684993411494465,0.18086543489929358,0.0,POINT (594762.6864440688 6731894.55104432)
76,1.3751074715734952,0.08056421271937371,0.0,POINT (594731.9219623005 6731870.14212605)
77,1.478295473538535,0.0111156128804843,0.0,POINT (594693.7822673011 6731886.719997264)
78,1.647659873008182,-0.015862127010274292,0.0,POINT (594668.849584693 6731906.062031359)
79,1.5291453159053414,0.07791657482909826,0.0,POINT (594696.4971862786 6731915.757622395)
80,0.441215888160045,0.11553378991279674,0.0,POINT (594826.9188117747 6731859.089219282)
81,0.9659902187206121,0.09521558343571104,0.0,POINT (594794.1203956467 6731837.578312761)
82,0.12977748520208515,-0.23318377411535324,0.0,POINT (594387.4599518473 6732066.806407179)
83,0.3132838692711287,-0.19200659721468052,0.0,POINT (594413.6970181529 6732027.6085177455)
84,0.6214223279811006,-0.11883699080099178,0.0,POINT (594439.597569498 6732021.419263532)
85,0.7661883961479184,0.06238940351662973,0.0,POINT (594462.7012639061 6732013.335583032)
86,0.8630958903605735,0.1766795907138331,0.0,POINT (594479.4744921251 6731989.408086792)
87,0.45420366148814334,0.22938909449239825,0.0,POINT (594462.3061139124 6731964.60815131)
88,0.484831578684791,0.1331998946706669,0.0,POINT (594445.8724907778 6731988.608749362)
89,0.4966324874569128,-0.030044571316636074,0.0,POINT (594422.5006590694 6731996.657174033)
90,1.4289987122386705,0.07945946064903131,0.0,POINT (594523.3251743375 6731954.151750381)
91,1.136157550150721,0.05316294731652345,0.0,POINT (594498.0365417623 6731934.932653104)
92,1.6157523653924992,-0.11067192823992679,0.0,POINT (594544.4251332565 6731910.633253627)
93,1.6306963360103375,-0.1080417715909049,0.0,POINT (594562.7563836544 6731896.679369073)
94,1.6113481680240698,-0.03264086772878734,0.0,POINT (594563.4378779369 6731937.706635441)
95,1.6376458631113138,-0.03724003702850181,0.0,POINT (594580.3012062574 6731923.347057176)
96,1.7271793787381438,-0.13506299732559152,0.0,POINT (594612.3347135612 6731901.397529084)
97,1.7731179763733713,-0.20022807196254316,0.0,POINT (594611.8580736287 6731879.931963649)
98,1.6543264657044667,-0.23080052937048268,0.0,POINT (594599.4828791708 6731863.71994965)
99,1.727078535756256,-0.1892044398653685,0.0,POINT (594583.8972268221 6731881.684410993)
100,-0.09607678358505664,0.2452698805589788,0.0,POINT (594415.1594157196 6731957.556555479)
101,0.10686529955470146,0.3402256183194948,0.0,POINT (594436.2421127704 6731933.805910652)
102,0.10686529955470146,0.3402256183194948,0.0,POINT (594436.2421127704 6731933.805910652)
103,0.7342630708699139,0.11377367835932997,0.0,POINT (594469.3764240374 6731910.989915562)
104,0.7799053540170587,0.12714143461009134,0.0,POINT (594490.0673534975 6731887.257320769)
105,1.3634769335179944,-0.09220035875407602,0.0,POINT (594520.1704682155 6731868.111160984)
106,0.7529693345912054,0.031818672687377286,0.0,POINT (594516.5808915432 6731838.592898453)
107,0.3260241534739374,0.053479821120563924,0.0,POINT (594497.4644185524 6731817.622570929)
108,0.5299175690962372,0.1075312973108122,0.0,POINT (594492.0409214601 6731843.516230348)
109,0.6508287759789169,0.1288118139055205,0.0,POINT (594478.8796800354 6731850.135896633)
110,0.5564735744704336,0.11220518592399172,0.0,POINT (594467.8807418022 6731864.062055645)
111,0.34103294888694663,0.24884992478502146,0.0,POINT (594461.5698022896 6731872.125976231)
112,0.34103294888694663,0.24884992478502146,0.0,POINT (594451.418812504 6731888.858289838)
113,0.2844306332101178,-0.061233018557483906,0.0,POINT (594548.3769993773 6731779.145569854)
114,0.2844306332101178,-0.061233018557483906,0.0,POINT (594548.3769993773 6731779.145569854)
115,0.6043057030955165,-0.037183676515313305,0.0,POINT (594527.6162204365 6731799.502008381)
116,1.2501161417577655,-0.15019459439310817,0.0,POINT (594560.1437166287 6731837.334765945)
117,1.2501161417577655,-0.15019459439310817,0.0,POINT (594560.1437166287 6731837.334765945)
118,0.1653338161711654,-0.20262649158499663,0.0,POINT (594597.095800607 6731771.516549901)
119,1.572337907389006,-0.1772619924189743,0.0,POINT (594660.0363390861 6731863.823726777)
120,1.2202339367606658,-0.039685836275287774,0.0,POINT (594693.0798549352 6731838.351265364)
121,1.2576300837624999,-0.03310406980906717,0.0,POINT (594715.523373447 6731822.819497369)
122,0.9240441419479134,-0.04663346303742353,0.0,POINT (594698.4329619752 6731795.398837064)
123,0.9463986429981208,-0.1038835929509345,0.0,POINT (594680.3835382625 6731807.674562141)
124,1.2808106659515779,-0.17413125592112425,0.0,POINT (594652.5010459066 6731826.515918417)
125,1.351043703798784,-0.20927157968588941,0.0,POINT (594622.4825029549 6731842.801471289)
126,1.6494535905639651,-0.2142538037444892,0.0,POINT (594636.5822956888 6731857.918275739)
127,1.0885650424103812,0.05147014640274113,0.0,POINT (594743.8690623236 6731801.305378996)
128,0.8618768259772583,0.042268045460651216,0.0,POINT (594771.0866951932 6731781.450825838)
129,0.564708603462025,0.018863384135566687,0.0,POINT (594758.7067382687 6731750.62307407)
130,0.7276683398922557,-0.007286747033999654,0.0,POINT (594731.4928542832 6731770.553263662)
131,-0.11453013961468525,-0.08203898734836798,0.0,POINT (594805.505618437 6731714.347347626)
132,0.025104000230121586,-0.08843109323029454,0.0,POINT (594824.5301822715 6731742.660558673)
133,0.025104000230121586,-0.08843109323029454,0.0,POINT (594824.5301822715 6731742.660558673)
134,-0.8586675617427594,-0.2974044059629247,0.0,POINT (594880.2867038992 6731700.607847594)
135,-0.873597750118981,-0.06734667950354706,0.0,POINT (594777.6065283859 6731661.219917205)
136,-0.44163206882115164,-0.14256848848146492,0.0,POINT (594688.1696864747 6731719.2081903)
137,0.40481600052971695,-0.17556811955192106,0.0,POINT (594644.2464699314 6731785.89936871)
138,-0.11311950638389626,-0.1850189376566021,0.0,POINT (594642.1230676894 6731757.600501092)
139,-0.6628903275759157,-0.24395168311079024,0.0,POINT (594639.9486744249 6731735.544535851)
140,-0.8070808763507127,-0.24705450736305704,0.0,POINT (594859.1819244827 6731672.7163157575)
154,-0.47924558887276275,-0.035564798485638524,0.0,POINT (593489.8673148208 6732979.072258249)
155,-0.27482585349653205,-0.025223039109968336,0.0,POINT (593466.3960405795 6732995.915283056)
156,-0.6322765414620862,-0.04073586958763947,0.0,POINT (593445.1316672836 6733011.259792026)
159,-0.7404105986455323,-0.048180384505541955,0.0,POINT (593411.4539177688 6732965.77786566)
160,-0.39130042492074224,-0.02706165070336965,0.0,POINT (593196.4720164528 6733046.028919917)
161,-0.786884803862034,-0.056802764786637164,0.0,POINT (593196.4720164528 6733046.028919917)
182,-0.6172139869428901,0.17580082912400632,0.0,POINT (593388.8672789801 6732930.0574669065)
183,-0.6532419954287542,0.3197449832216642,0.0,POINT (593376.9501961314 6732896.88512636)
184,-0.42451800157559405,0.28623309759032534,0.0,POINT (593364.0957877946 6732899.974563935)
185,-0.9795292559136349,0.08749017470140921,0.0,POINT (593341.2197165891 6732975.458355513)
187,-0.8740069152393207,0.10127508244349169,0.0,POINT (593369.936190503 6732968.212717164)
188,-0.4864462782644903,0.15585257115104162,0.0,POINT (593362.4717579379 6732945.875222721)
189,-0.6434578744855328,0.14065242862985888,0.0,POINT (593346.411425361 6732904.23635018)
190,-0.37903084655504826,0.19518412400459278,0.0,POINT (593349.7858888695 6732940.488637168)
191,-0.4342807608059379,0.20194653735225526,0.0,POINT (593327.2116137159 6732908.848858692)
192,-0.39458945329001477,0.3005992704788957,0.0,POINT (593335.7525674738 6732945.395845409)
193,-0.6775128360202296,0.20175574875425703,0.0,POINT (593312.591585399 6732912.287278104)
194,-0.22050054456473833,0.2909704555447644,0.0,POINT (593319.3465681766 6732937.509248628)
195,-0.13326281375909407,0.4523507974447093,0.0,POINT (593322.1129356873 6732955.055693455)
196,-0.569216834552282,0.4739531050285627,0.0,POINT (593306.1518070189 6732973.233864824)
197,-0.569216834552282,0.4739531050285627,0.0,POINT (593370.9280548565 6732845.608279688)
198,-0.35500455110540846,0.38725133081658397,0.0,POINT (593357.807399696 6732848.443098757)
199,-0.379985224133778,0.4327284494601777,0.0,POINT (593348.9689631222 6732883.761503432)
200,-0.48878478653980806,0.4880838274539748,0.0,POINT (593338.488912092 6732853.090016432)
201,-0.48878478653980806,0.4880838274539748,0.0,POINT (593230.1243593921 6732987.152500894)
202,-0.6540659552510852,0.5508274237865769,0.0,POINT (593230.5699046165 6733072.931812552)
203,-0.09072951677221563,0.32233345834455857,0.0,POINT (593239.0251883607 6732965.58074162)
204,-0.20909464233300606,0.3834638721645784,0.0,POINT (593256.5562485781 6732951.673903847)
205,-0.18453966788504683,0.35032198535295983,0.0,POINT (593263.4095983754 6732923.227186912)
206,-0.3641884823446267,0.43078359378050557,0.0,POINT (593263.4095983754 6732923.227186912)
207,-0.6922136757100243,0.5731283943197029,0.0,POINT (593270.7651687111 6732899.468357487)
208,-0.8726391094243895,0.5530847069540747,0.0,POINT (593322.9355012027 6732891.950827014)
209,-1.0076481466710872,0.5293229554040163,0.0,POINT (593295.4438986332 6732854.541840272)
210,-1.0377691596642653,0.5481309596946252,0.0,POINT (593308.3473653732 6732846.904097571)
211,-0.6192288660532901,0.5139412050586387,0.0,POINT (593314.1264125061 6732834.859543897)
212,-0.2887493343347078,0.21971570420399905,0.0,POINT (593321.5061781097 6732819.568296494)
213,0.011686177937177068,0.1898778516986719,0.0,POINT (593340.3889496854 6732834.674414299)
214,-0.09080434159372996,0.24386419540155677,0.0,POINT (593356.3388102516 6732830.800070664)
215,0.08865349663617367,0.3446526897127074,0.0,POINT (593374.5377421072 6732827.524624025)
216,0.25871207570260946,0.2104444576509977,0.0,POINT (593383.237923885 6732843.173466828)
217,0.30326801480491605,0.28715129926641414,0.0,POINT (593399.9986790566 6732823.1429890925)
218,0.23404914635974422,0.3654172330628979,0.0,POINT (593404.4213164658 6732838.416285002)
219,0.30326801480491605,0.28715129926641414,0.0,POINT (593306.7139498309 6732811.703981073)
220,0.5006092018022767,0.2783370982630584,0.0,POINT (593306.2642812358 6732757.143621503)
221,-0.07934464829774057,0.4931555841527555,0.0,POINT (593291.1812736575 6732784.691568251)
222,-0.1548033749036403,0.5318435135151715,0.0,POINT (593284.7143030446 6732801.601421019)
223,-0.1317542514679968,0.5359001867253034,0.0,POINT (593299.2396905569 6732827.058205463)
224,0.14440201385464052,0.45394830705750944,0.0,POINT (593277.7273351948 6732813.9708107095)
225,0.6435708452208336,0.25277390491442414,0.0,POINT (593277.7273351948 6732813.9708107095)
226,0.17848372973328758,0.4599467296936793,0.0,POINT (593272.6676129578 6732824.048250411)
227,0.6435708452208336,0.25277390491442414,0.0,POINT (593266.6313260951 6732836.5624194555)
228,0.24155229061447328,0.4076501455946766,0.0,POINT (593290.3664385914 6732864.956647776)
229,0.7133376092432444,0.21618328100613554,0.0,POINT (593276.8493491029 6732873.566298041)
230,0.575538155377936,0.2695216662580035,0.0,POINT (593257.1444136776 6732855.808598961)
231,0.2086077239875955,0.40185186258283806,0.0,POINT (593244.2596905597 6732881.430944951)
232,-0.018708329586543376,0.40681401574445886,0.0,POINT (593236.0562219899 6732897.772406089)
233,0.3051335818449362,0.1387371537280401,0.0,POINT (593225.0931161728 6732919.611538551)
234,0.3051335818449362,0.1387371537280401,0.0,POINT (593243.194642534 6732941.282972199)
235,0.4738273188587721,0.20953038634300178,0.0,POINT (593216.4263495633 6732936.93036571)
236,0.47987743668467786,0.13267904767762928,0.0,POINT (593210.4923883623 6732948.592951275)
237,0.0474086318607609,0.2251995054337188,0.0,POINT (593203.6534457656 6732962.146915975)
238,-0.8153316726854932,0.5623173834679867,0.0,POINT (593188.0306497351 6732955.485855274)
239,0.09837544148859179,0.23416972470476438,0.0,POINT (593194.9497050677 6732941.645232897)
240,0.33505499233291436,0.1997608941105091,0.0,POINT (593169.2137731488 6732924.426675171)
241,0.5275985900511247,0.16061608019458057,0.0,POINT (593200.9164286194 6732929.942803656)
242,0.5275985900511247,0.16061608019458057,0.0,POINT (593176.7827925073 6732910.151633039)
243,0.6062841761098018,0.1405250525533804,0.0,POINT (593176.7827925073 6732910.151633039)
244,0.6079296418194859,0.24650101061461216,0.0,POINT (593207.1295820862 6732917.533311912)
245,0.5609037510216353,0.10513940102755177,0.0,POINT (593183.826115799 6732896.153539508)
246,0.572182411028572,0.12025742470285729,0.0,POINT (593190.967222948 6732882.209036482)
247,0.344281280906337,0.06652854642610628,0.0,POINT (593213.0663190593 6732905.616398781)
248,0.344281280906337,0.06652854642610628,0.0,POINT (593218.122189363 6732895.552711774)
249,0.23712808591477974,0.06192493986355503,0.0,POINT (593223.2697150304 6732885.3827723535)
250,0.03123559164885378,0.054903188508080326,0.0,POINT (593228.9913463672 6732873.874134267)
251,-0.21820852040532646,0.03430454880810699,0.0,POINT (593200.0830401307 6732864.3386665275)
252,0.07312241292984864,0.13168920181309726,0.0,POINT (593239.2805931477 6732853.5741417855)
253,-0.44675059576859444,-0.00037158614520429014,0.0,POINT (593213.3120898621 6732837.331593429)
254,-0.44675059576859444,-0.00037158614520429014,0.0,POINT (593213.3120898621 6732837.331593429)
255,0.07471124543432618,0.009179982452835068,0.0,POINT (593245.1413616773 6732841.540749135)
256,-0.5151577036312123,-0.04773789568764573,0.0,POINT (593225.3832117566 6732818.2257572105)
257,-0.1566521291312766,-0.003424079025370128,0.0,POINT (593252.7550904418 6732826.033603834)
258,0.11392744160336739,0.029995333533967244,0.0,POINT (593261.3192901524 6732808.67206788)
259,0.344281280906337,0.06652854642610628,0.0,POINT (593236.8901480474 6732795.938116171)
260,0.11392744160336739,0.029995333533967244,0.0,POINT (593267.9000443921 6732795.442646092)
261,0.11392744160336739,0.029995333533967244,0.0,POINT (593250.2299429891 6732770.337165869)
262,0.34382219098345274,0.06673441291976771,0.0,POINT (593273.9577456489 6732783.383221573)
263,0.294553824978108,0.06495849832553614,0.0,POINT (593261.8109039498 6732747.792226293)
264,0.5609037510216353,0.10513940102755177,0.0,POINT (593279.8638417795 6732771.57971251)
265,0.6822288988021747,0.14302726866594215,0.0,POINT (593292.5183723124 6732746.114949817)
266,0.4621375695410032,0.09201361767828668,0.0,POINT (593269.7128723434 6732732.555920944)
267,0.4354749290758717,0.0906362170475269,0.0,POINT (593254.4308209382 6732707.552380609)
268,0.49310729519284097,0.10509136646951384,0.0,POINT (593232.9566837698 6732749.622957122)
269,0.4517066438980698,0.12755922746507595,0.0,POINT (593202.0493211757 6732807.366261257)
270,0.3329740720807174,0.1752387573264324,0.0,POINT (593190.3944464461 6732825.28881097)
271,0.32470659432450877,0.12772085382153753,0.0,POINT (593122.6424612205 6732844.680868602)
272,0.22023027896376945,0.17371148411899853,0.0,POINT (593122.6424612205 6732844.680868602)
273,0.22023027896376945,0.17371148411899853,0.0,POINT (593177.4453074241 6732852.720992442)
274,0.10135208975702399,0.2108163293678436,0.0,POINT (593168.4753637237 6732870.805923287)
275,0.10872604470372779,0.2121141542317061,0.0,POINT (593161.5943810397 6732885.085726714)
276,-0.03936107867844973,0.22949851475260452,0.0,POINT (593154.352655936 6732899.583589085)
277,0.32470659432450877,0.12772085382153753,0.0,POINT (593100.1577855237 6732895.173804181)
278,0.11785369656236976,0.1254208495910707,0.0,POINT (593146.2987694779 6732915.822157912)
279,0.11785369656236976,0.1254208495910707,0.0,POINT (593380.8187082019 6733000.828340162)
280,0.32755893068766284,0.1282228684227869,0.0,POINT (593124.9751374202 6732935.606783106)
281,0.11785369656236976,0.1254208495910707,0.0,POINT (593141.1580124234 6732942.4599645855)
282,0.024579330560177946,0.08983859204936767,0.0,POINT (593159.901486255 6732949.374569323)
283,0.3229984528759743,0.09838174259414842,0.0,POINT (593111.1475500129 6732872.43254077)
284,0.3229984528759743,0.09838174259414842,0.0,POINT (593335.3334184483 6733011.398372644)
285,0.4354749290758717,0.0906362170475269,0.0,POINT (593355.3944440405 6733025.371203635)
286,0.4354749290758717,0.0906362170475269,0.0,POINT (593308.7928359222 6733025.845588402)
287,0.13521885215831012,0.04596910052198855,0.0,POINT (593172.634057941 6733112.970962101)
288,0.33029638199773886,0.06868802019503428,0.0,POINT (593130.8221041483 6733080.068947723)
289,0.0003831169164473051,0.02377309586372377,0.0,POINT (594180.1550065432 6732579.844542195)
290,0.0003831169164473051,0.02377309586372377,0.0,POINT (594056.4899656726 6732652.502525561)
291,0.2944120076032276,0.062372327510450624,0.0,POINT (594937.273164554 6732123.493133813)
292,0.18558511366443634,0.04690376187734688,0.0,POINT (595030.7926488534 6732153.792035413)
293,0.294553824978108,0.06495849832553614,0.0,POINT (595007.023951509 6732121.155636492)
294,0.08675867935607535,0.03940399555698787,0.0,POINT (594983.9123552619 6732089.6001044605)
295,0.00809061173508575,0.024689594004760767,0.0,POINT (595044.5212028138 6732045.065816272)
296,0.08675867935607535,0.03940399555698787,0.0,POINT (595068.0442049169 6732077.1816807855)
297,-0.15346520838747651,0.003980664497814034,0.0,POINT (595091.6420856655 6732109.934749758)
298,-0.1566521291312766,-0.003424079025370128,0.0,POINT (595139.0759837055 6732075.7837391505)
299,-0.37574871330812,-0.013204797161746322,0.0,POINT (595115.3773759815 6732043.012078928)
300,-0.1566521291312766,-0.003424079025370128,0.0,POINT (595091.7888862833 6732010.77147537)
301,-0.42851256047048886,-0.020025686677623705,0.0,POINT (595152.0936925947 6731967.539611146)
302,-0.5325670467863806,-0.011012956796525647,0.0,POINT (595175.5019572783 6731999.677437709)
303,-0.6388552985478478,-0.001674341292414096,0.0,POINT (595199.2966934015 6732032.505542643)
307,-0.38134676507799353,-0.02208092830333026,0.0,POINT (595270.2357431306 6731889.860063572)
309,-0.15911221819851307,0.0003883484151634967,0.0,POINT (595330.360784343 6731973.4819390075)
310,-0.2775317716997177,0.001914116945400046,0.0,POINT (595373.2362602642 6732033.225910736)
311,-0.7628958372975799,0.09385177180848564,0.0,POINT (595408.724146049 6732007.542261938)
312,-0.7628958372975799,0.09385177180848564,0.0,POINT (595366.5559244794 6731947.558268951)
313,-0.12064913803143261,0.04449908392106894,0.0,POINT (595336.8111874347 6731905.843868851)
314,-0.22515112907057694,0.13168099551897589,0.0,POINT (595306.5492022083 6731863.678061445)
315,-0.22515112907057694,0.13168099551897589,0.0,POINT (595357.5515328895 6731826.265336247)
316,-0.10825012372299016,0.1878595062589453,0.0,POINT (595387.9447184318 6731868.83310677)
317,-0.5389372623971521,0.4029247867444451,0.0,POINT (595417.6860804679 6731910.577266443)
318,-0.2754929206706317,0.3110249469238836,0.0,POINT (595457.9634063914 6731967.624198996)
319,-0.4112524171848747,0.5215646830593256,0.0,POINT (595523.5260216058 6732058.355840236)
320,-0.2326699940880861,0.31856183306759783,0.0,POINT (595556.53995504 6732111.372695076)
321,-0.19694049245991807,0.34813942544013327,0.0,POINT (595556.3636452666 6732031.103665788)
322,-0.03487941223624427,0.27607418322753274,0.0,POINT (595526.5906989409 6731985.653089431)
325,-0.695264385829102,0.33081960828975415,0.0,POINT (595423.5688064401 6731843.270625172)
326,-0.4009369135672176,0.5637836623457513,0.0,POINT (595393.1144268374 6731800.569095121)
327,-0.7370939256624328,0.6117631921220025,0.0,POINT (595571.8973664925 6731947.904032019)
329,-0.6722591563621478,0.5570448500256914,0.0,POINT (595542.8283352361 6731906.754103847)
331,-0.9509336950625867,0.5577704325159356,0.0,POINT (595547.2129199744 6731684.545945091)
333,-0.9030419576534556,0.5734800849375814,0.0,POINT (595614.3245903873 6731694.64867427)
334,-0.9777798147934392,0.2785746659804859,0.0,POINT (595575.1647808107 6731723.573130663)
335,-0.6216313388266863,0.21156572267191345,0.0,POINT (595535.4522802219 6731752.601267664)
339,-0.05913312173847807,-0.2552430721370162,0.0,POINT (595705.366428357 6731706.7138350215)
342,0.46495273988692143,-0.2757627373333711,0.0,POINT (595809.4966040368 6731688.575960031)
343,0.5970746325652635,-0.2777774106588519,0.0,POINT (595769.9474812459 6731717.200669119)
344,0.240399474528378,-0.27236858733818786,0.0,POINT (595732.6646193007 6731744.499220562)
345,0.37589199147627833,-0.2494442587450898,0.0,POINT (595638.6864087493 6731616.792152047)
346,0.5910464976037766,-0.2192735831829871,0.0,POINT (595676.842626857 6731589.306094754)
347,0.3833508965009678,-0.20058669439596874,0.0,POINT (595716.3420378787 6731560.788217734)
348,0.3664604312169549,-0.21866801176353926,0.0,POINT (595744.2344654921 6731598.849264186)
349,0.5545140144663924,-0.21561615651055235,0.0,POINT (595704.9094087421 6731627.794479949)
350,0.2645522311567376,-0.1992746045987009,0.0,POINT (595666.8539448247 6731655.564399787)
351,0.0844838139371832,-0.2149798546954628,0.0,POINT (595692.7819599543 6731793.870022162)
352,0.47957797270043995,-0.21558762889644725,0.0,POINT (595724.396819291 6731841.593686875)
353,0.33234968262958936,-0.21539451455913597,0.0,POINT (595660.6284767353 6731826.511774943)
354,0.2926062294620391,-0.06879572452555917,0.0,POINT (595604.1640473275 6731826.594476223)
355,0.3695995002340149,-0.028734935792592047,0.0,POINT (595638.4165291802 6731894.899424341)
356,0.10824086914677197,-0.0814979023809084,0.0,POINT (595689.5489737198 6731900.234271111)
357,0.0026664907099319584,0.15972532162200767,0.0,POINT (595740.3108380318 6731905.704033802)
358,0.549147761493972,0.0384567167500766,0.0,POINT (595790.66692953 6731823.444164406)
359,0.3469771536605485,-0.028385024854360102,0.0,POINT (595937.0395847973 6731849.255503184)
360,-0.7460783852751527,-0.21633399641980994,0.0,POINT (595888.1230473667 6731858.333231016)
368,-0.6677325403174136,-0.26718195550778967,0.0,POINT (595954.3185662221 6731972.7495959215)
369,0.46256034194594814,-0.09204927659235712,0.0,POINT (595873.3183928087 6731965.808805759)
370,0.601488831002438,0.014033207138323976,0.0,POINT (595810.3681506692 6731960.165144791)
371,-0.031744801542900394,0.13129484396177118,0.0,POINT (595735.4705378165 6731948.477825142)
372,-0.046763405877019354,0.18210733320015635,0.0,POINT (595684.6502152889 6731943.072962289)
373,0.4380773329131717,0.032990034352250446,0.0,POINT (595633.7215401523 6731937.744715692)
374,0.15190366654548176,0.03395178247369742,0.0,POINT (595626.2677806844 6731998.8425948145)
375,-0.9388072090886234,-0.17134651829791678,0.0,POINT (595677.7189900571 6732004.062252758)
377,-0.6445341121733144,-0.040538986299718804,0.0,POINT (595803.4694237815 6732017.007635136)
378,-0.5186270442140747,-0.055987358332661635,0.0,POINT (595865.1601397457 6732023.126762373)
379,-0.34245374628731123,-0.06992935912402391,0.0,POINT (595942.9720400148 6732028.8287330475)
380,-0.8963934833002632,-0.05500743815243119,0.0,POINT (595936.4332273717 6732072.4316109335)
381,-1.2800872659773759,0.26582214258447434,0.0,POINT (595858.2606631387 6732066.37856213)
382,-0.4972802696189278,0.1307416318714567,0.0,POINT (595798.3723400077 6732060.683011376)
383,-0.21176748189421615,0.16286632161102146,0.0,POINT (595723.7059887715 6732053.148763659)
384,-0.300134223735634,0.3093285744507141,0.0,POINT (595672.6011168336 6732047.872254284)
385,-0.20428098095900302,-0.16323710092899013,0.0,POINT (595621.2160264653 6732042.594350079)
386,-0.5713102205534419,-0.124730146791487,0.0,POINT (595614.3007022904 6732103.3938270435)
387,-0.9653574235374107,-0.14396986704819056,0.0,POINT (595665.8278772532 6732108.435877158)
388,-0.6837004304134815,-0.2844151007295279,0.0,POINT (595716.6784977361 6732113.479211106)
389,-0.09738356079696768,-0.26582896316029614,0.0,POINT (595780.4937029056 6732125.478123332)
390,-0.10865358899168298,-0.2585243534314459,0.0,POINT (595825.0004945232 6732130.538435147)
391,0.29275298896862056,-0.23120241655512735,0.0,POINT (595819.0848677534 6732182.615838548)
392,0.21682029311443934,-0.257251620232838,0.0,POINT (595774.4845487011 6732177.422479343)
393,-0.412916380740216,-0.24247323367195586,0.0,POINT (595791.2492864069 6732220.305808529)
394,-0.276514982211907,-0.13015021215177697,0.0,POINT (595711.5693871796 6732157.0542884935)
395,0.07543424602352913,0.08026509202711823,0.0,POINT (595660.7614852923 6732151.419662021)
396,0.1012446749985508,0.07701103306507699,0.0,POINT (595609.2014800472 6732145.879578053)
397,-0.22640779196182817,-0.02552995048903883,0.0,POINT (595604.9717078382 6732205.072111896)
398,-0.0007238906666681272,-0.09804981120747183,0.0,POINT (595660.0571463533 6732211.66837704)
399,0.20906291910180097,-0.09907467828354871,0.0,POINT (595713.7219004503 6732221.450496614)
400,-0.07334759627283391,-0.088019183946713,0.0,POINT (595720.8140053513 6732258.76294975)
401,-0.35493320243528453,-0.06277076503336317,0.0,POINT (595654.6660014716 6732252.309893094)
402,-0.6310956415097615,0.5202954438800391,0.0,POINT (595599.8675556135 6732246.548169825)
403,-0.4829155351189501,-0.1285318102126069,0.0,POINT (595546.4850308745 6731601.831170312)
404,-0.5537201457741773,-0.058297939199982225,0.0,POINT (595676.7487709174 6731506.925038524)
405,-0.41340312438032084,-0.13409045748765203,0.0,POINT (595646.8592687111 6731466.2511369465)
406,0.12002037631161991,-0.07435663686139124,0.0,POINT (595568.5925957153 6731440.127171817)
407,-0.07078574800409654,-0.08473787047552707,0.0,POINT (595608.0126913807 6731411.88577229)
408,0.06096394528447221,-0.09504293567682418,0.0,POINT (595577.725315475 6731370.172378185)
409,-0.3628812473895641,0.9519931616566739,0.0,POINT (595498.2203927954 6731343.174715776)
410,-0.2716626696611682,1.1310171124427018,0.0,POINT (595537.1142013138 6731315.170450251)
411,-0.13203017478952114,0.5320988131449284,0.0,POINT (595508.0261101731 6731275.473822016)
412,-0.2586179359440423,0.1368568683058109,0.0,POINT (595469.3537113592 6731303.524531621)
413,0.10493099351671824,0.02607279934662205,0.0,POINT (595431.7619949096 6731330.8044413235)
414,0.6782173702524255,0.3407216201586062,0.0,POINT (595304.0974209475 6731254.757947378)
415,0.6466502842719825,0.42148007137188764,0.0,POINT (595320.7069236969 6731277.679737925)
416,-0.5055616270162191,1.1623873494169394,0.0,POINT (595362.8614005131 6731248.279613927)
419,-0.9942139033744427,-0.17244925488504667,0.0,POINT (595391.1518504536 6731228.196860931)
420,-0.8212890453067107,-0.11389357802213324,0.0,POINT (595430.9069390602 6731199.994276507)
421,-0.49292954376488773,0.608654309402709,0.0,POINT (595414.58642187 6731176.981375854)
422,0.3816067284663641,0.32698115665139726,0.0,POINT (595442.0276836513 6731156.980360334)
423,0.22821567675060364,0.03027890713330126,0.0,POINT (595458.6963641746 6731179.96365799)
424,-0.25399879408644077,-0.1263568625067728,0.0,POINT (595493.8600691601 6731140.23546059)
425,-0.8872572716672011,-0.21342162955706256,0.0,POINT (595536.685549898 6731188.300349601)
426,-0.8493900938390417,-0.011695152377493908,0.0,POINT (595574.5247527926 6731240.486642208)
427,-1.1073315791127327,-0.22989670251784877,0.0,POINT (595590.654527523 6731262.45925166)
428,-1.0629902901729555,-0.290486799018453,0.0,POINT (595605.2739566813 6731282.697006045)
429,0.03012757582390999,-0.11383835118112971,0.0,POINT (595628.2620291868 6731315.635412984)
430,0.8973389044101819,0.09479914362744893,0.0,POINT (595641.599497039 6731333.807397771)
431,1.2235386136988682,0.08111112680528193,0.0,POINT (595653.5675740669 6731350.189293771)
432,1.0411548781243234,-0.01198759565320277,0.0,POINT (595675.2626348007 6731378.419859598)
433,0.30219218871681947,-0.08274889389454919,0.0,POINT (595687.7514816752 6731395.436122192)
434,0.6219322508107806,-0.16860223676896874,0.0,POINT (595699.9446711057 6731412.143227701)
435,0.9425032593757534,-0.11062813866045515,0.0,POINT (595719.4408453585 6731438.845040054)
436,1.048634775866222,-0.01678923117699605,0.0,POINT (595732.4636400515 6731456.802734952)
437,0.8766153636130481,-0.058287404948523566,0.0,POINT (595745.0911296458 6731474.139944885)
438,-0.11726322889710857,-0.1804676318229833,0.0,POINT (595769.0808311002 6731456.481913203)
439,-1.1667186730972285,-0.33348837780968626,0.0,POINT (595756.5675453668 6731439.221324799)
442,-1.4969050053866486,-0.420862050317487,0.0,POINT (595712.0246658158 6731377.8302886)
443,-0.17968305642356888,-0.20653958498246758,0.0,POINT (595699.6199010686 6731361.051528923)
444,0.34670637844574714,-0.1681223110806269,0.0,POINT (595678.2053638163 6731332.899617436)
445,0.31373452931595996,-0.06052510497968977,0.0,POINT (595666.1015980548 6731316.264966553)
446,0.3771622803134163,-0.10164067153882196,0.0,POINT (595652.8811068989 6731298.129551488)
447,0.2937355774797601,-0.12730677335119078,0.0,POINT (595629.7916748613 6731264.815986388)
448,-0.24268738662233788,-0.061111989474346776,0.0,POINT (595615.3183563172 6731244.58748773)
449,-0.22602684631713427,-0.040919635973572795,0.0,POINT (595686.4044669393 6731273.194233131)
450,-0.21489241447660057,-0.0829422981161848,0.0,POINT (595699.7671613945 6731291.538158866)
451,-0.16113111821354206,-0.1829263879866604,0.0,POINT (595711.8139472296 6731308.36161794)
452,-0.48813974448273434,-0.2568590076098038,0.0,POINT (595734.7413719624 6731335.805983708)
453,-0.5770748831127833,-0.18669384046126217,0.0,POINT (595746.8743939025 6731352.510972142)
454,-0.2805313349823157,-0.15036929495258422,0.0,POINT (595759.1251755711 6731369.384628217)
455,-0.6432387506248166,-0.10370075039049705,0.0,POINT (595778.408368914 6731396.008757439)
456,-0.4856731508600118,-0.05984964627405092,0.0,POINT (595791.3385686629 6731413.9021279365)
457,-0.7227186711366235,-0.027787879383356032,0.0,POINT (595816.4507018985 6731395.6021188125)
458,-0.7720723822657848,-0.0694905139104813,0.0,POINT (595803.4926278603 6731377.848315544)
459,-0.9842684898153333,0.07463789691041976,0.0,POINT (595784.1722144393 6731351.266847407)
460,-0.7248734295466994,0.07992440662748737,0.0,POINT (595771.8417832961 6731334.3938735705)
461,-0.35384139057669317,-0.0014056477219755825,0.0,POINT (595759.7065509129 6731317.803960804)
462,-0.3247841060465226,-0.005271994789256086,0.0,POINT (595737.0229341915 6731290.4242239315)
463,-0.40503511457265495,0.060442333081350344,0.0,POINT (595724.7867704547 6731273.593838713)
464,-0.5786196411405282,0.0999087673437715,0.0,POINT (595711.3891302902 6731255.5276875915)
467,-0.8279831601322809,-0.3012233362428233,0.0,POINT (596159.3309490638 6731941.293446611)
470,-0.9955697478266682,-0.343817661674129,0.0,POINT (596075.2538995794 6731882.237460339)
471,-0.7826836739015892,-0.43027621489982354,0.0,POINT (596101.8795728501 6731950.3891884275)
481,-1.880496585662081,-0.5527558886472053,0.0,POINT (596128.3913771852 6731725.229330692)
482,-0.8624369382709549,-0.45424554414319324,0.0,POINT (596145.4086407362 6731769.868502167)
483,-0.8484346832849758,-0.43571934537299467,0.0,POINT (596210.9381470303 6731744.429993641)
493,-1.7389968017340536,-0.49534895650473054,0.0,POINT (596028.3459532028 6731632.855526949)
494,-1.096594408085021,-0.36847137264485597,0.0,POINT (595990.13663584 6731645.995514486)
495,-1.1632873799316348,-0.35286434893809626,0.0,POINT (595970.0062025327 6731653.767065374)
496,-1.5675688418575835,-0.45600267079777623,0.0,POINT (595949.712154981 6731661.750747516)
497,-1.1202903268226916,-0.4806949488427694,0.0,POINT (595917.0170436663 6731674.355812329)
507,-0.8312176151476312,-0.3896465043347585,0.0,POINT (596088.7211344438 6731579.880234488)
508,-0.6708042850569983,-0.39438145420949533,0.0,POINT (596108.8102953925 6731571.959346719)
509,-0.700780167958005,-0.3932140299281161,0.0,POINT (596128.3314393199 6731564.281969191)
510,-0.7661293549466812,-0.38590994554577257,0.0,POINT (596160.5732913945 6731551.589388165)
511,-0.7004537268405391,-0.3868342688398939,0.0,POINT (596181.1811313957 6731543.446461727)
512,-0.5776582664060503,-0.391831607213534,0.0,POINT (596186.8381609586 6731498.912983779)
513,-0.5560396003759909,-0.39623976008724004,0.0,POINT (596166.6589396303 6731506.901574648)
514,-0.6865093125597483,-0.3905025586139271,0.0,POINT (596146.0465516071 6731515.0327678425)
515,-0.7362274395582808,-0.3861042451695005,0.0,POINT (596113.8521823258 6731526.307336815)
516,-0.5908159318385658,-0.3835340931878382,0.0,POINT (596094.3360468792 6731534.046332291)
517,-0.998557984634251,-0.36999849978977495,0.0,POINT (596074.1815604934 6731541.961432991)
522,-0.6345350084199621,-0.28550814320909573,0.0,POINT (595940.9146599362 6731590.592033288)
524,-0.44809872769655656,-0.22364480362066627,0.0,POINT (595890.9770687578 6731613.203128042)
525,-0.36493748737895754,-0.24817509121898887,0.0,POINT (595864.2155727594 6731627.51756163)
526,-0.2684762500354263,-0.2806680117258248,0.0,POINT (595849.1105125855 6731612.92339313)
527,-0.13121659444170644,-0.3397464023496885,0.0,POINT (595835.7121724318 6731594.4423787035)
528,-0.059461775851675044,-0.400364130058316,0.0,POINT (595860.4886904189 6731576.700701549)
529,0.017885046363757855,-0.4206251335774264,0.0,POINT (595874.1201917222 6731595.184258101)
530,0.16953196325012823,-0.43170347485138444,0.0,POINT (595905.2781202849 6731571.102937628)
531,0.14986309832051176,-0.43078534251913814,0.0,POINT (595930.4683552796 6731563.694419151)
532,0.329793218013682,-0.44771815729426984,0.0,POINT (595952.7955703019 6731554.724262414)
533,0.2352109940604817,-0.45800087585458715,0.0,POINT (595992.6974575697 6731540.62639981)
534,-0.014563321179399784,-0.43112104672421664,0.0,POINT (596014.0542797982 6731532.2293515345)
535,-0.34254286050049626,-0.3447989882356129,0.0,POINT (596033.7843773749 6731524.464568099)
536,-0.07281300797543382,-0.3883133032631353,0.0,POINT (596063.9817625734 6731514.804466336)
537,0.2651650188268928,-0.450023858056401,0.0,POINT (596084.156533783 6731506.825774318)
538,0.3093293697194423,-0.4422508796345137,0.0,POINT (596103.7766639591 6731499.190242431)
539,0.4535512868458509,-0.4525977960505208,0.0,POINT (596135.9323158793 6731488.010703807)
540,0.34384180778675844,-0.4390621187367335,0.0,POINT (596156.4727134426 6731479.899023446)
541,0.20017309899135866,-0.42122993868545167,0.0,POINT (596087.3694064808 6731461.316375902)
542,0.0002811733935334629,-0.39412141967742836,0.0,POINT (596067.6772568098 6731468.957761698)
543,-0.21302496465997503,-0.35052119631057915,0.0,POINT (596047.3412868837 6731476.748703776)
544,-0.1744470463041676,-0.3513358311703641,0.0,POINT (596012.0805031863 6731490.947681768)
545,-0.3738067467944407,-0.230421018337382,0.0,POINT (595982.2108530474 6731502.993511786)
546,-0.41213502232404875,-0.23716684053602893,0.0,POINT (595979.9621996953 6731484.449600755)
551,-0.588486082406262,-0.3082670714044683,0.0,POINT (595951.7720747343 6731454.684296768)
552,-0.6903093745988441,-0.31101464011492785,0.0,POINT (595927.0531499499 6731472.308920221)
553,-0.34182465670154366,-0.3626533442949095,0.0,POINT (595892.3262068895 6731497.839718305)
554,-0.0669497644468101,-0.4053573141444321,0.0,POINT (595873.3132888019 6731471.53471965)
555,0.1579429455880622,-0.43122823175627883,0.0,POINT (595855.1826573545 6731446.623037185)
556,0.32362366246842494,-0.45515292383404216,0.0,POINT (595830.24964396 6731464.410849762)
557,0.222673474593492,-0.4538434975807013,0.0,POINT (595848.1420567096 6731489.362501209)
558,0.05907717224335017,-0.431098756570128,0.0,POINT (595867.104755791 6731515.908385641)
561,-0.24511740982381872,-0.4300277393893609,0.0,POINT (595795.4991297665 6731489.972242443)
562,-0.12506879969389811,-0.43997196076361894,0.0,POINT (595770.7677804595 6731507.498847315)
563,-0.07085799537234182,-0.4288592472796364,0.0,POINT (595788.7490032467 6731532.198393992)
564,-0.3971196448623292,-0.41603742558478174,0.0,POINT (595808.1091825048 6731558.8530892525)
565,-0.5905177209818501,-0.3926408499274856,0.0,POINT (596005.364354754 6732508.98603558)
566,-0.9067755080489395,-0.34775667539348537,0.0,POINT (596060.928311913 6732553.583996426)
567,-0.9067755080489395,-0.34775667539348537,0.0,POINT (595863.0402674901 6732424.360234719)
568,-1.034648168706724,-0.23915461313668435,0.0,POINT (595925.3557253871 6732512.534363561)
570,-0.33771573412228817,-0.23756566753307753,0.0,POINT (595989.7881554607 6732601.106166419)
571,-0.8774441389963229,-0.26694279967332857,0.0,POINT (596015.3532907396 6732637.022854374)
573,-1.122710953324364,0.14973374866570022,0.0,POINT (595948.1957955385 6732630.530936955)
574,-0.5445215663856745,0.06629864666877684,0.0,POINT (595911.8561323446 6732579.333549122)
575,-0.07218354002531922,-0.07617251494819317,0.0,POINT (595886.3258492398 6732541.579396416)
576,-0.2264410089958577,0.09801846803393345,0.0,POINT (595821.9575038597 6732453.6879175)
577,-1.1185200450960184,0.3001726962462341,0.0,POINT (595864.0533164677 6732617.341027163)
578,-1.0368730898393463,0.2122735478801719,0.0,POINT (595891.5026260751 6732657.677803149)
579,-0.5739485075125877,0.13528890575476762,0.0,POINT (593879.1241809971 6733244.950957789)
580,-0.8269028118032137,-0.05528117927269855,0.0,POINT (593861.0456263674 6733313.5211377805)
583,-1.2880028308313485,-0.306618647607387,0.0,POINT (593836.446393364 6733375.257930137)
584,-0.3985627131694445,-0.08755701623289201,0.0,POINT (593826.6650443836 6733412.939331201)
585,-0.25529285515951144,-0.2121670184305372,0.0,POINT (595631.0628134069 6731888.70972041)
586,-1.0453302475731354,-0.32727658496010287,0.0,POINT (595662.5662518705 6731892.552342252)
587,-1.3430666106790308,-0.3298154436055649,0.0,POINT (595662.5662518705 6731892.552342252)
588,-1.5020382840305129,-0.31572798564675497,0.0,POINT (595691.0309254809 6731897.115413015)
589,-0.9594169157178146,-0.3450272815057568,0.0,POINT (595710.4280716684 6731893.724341547)
590,-0.5011172316257483,-0.3155169245380054,0.0,POINT (595721.340433015 6731894.7764140135)
591,-1.197813058084961,-0.3976239261657429,0.0,POINT (595725.2591925177 6731908.017571508)
593,-1.548244510424595,-0.3699176745180206,0.0,POINT (595802.767051649 6731910.159062095)
605,-0.2100299768487713,-0.32841612285332794,0.0,POINT (596153.4158565927 6731822.6619105525)
606,-0.3578982642405209,-0.3194425733551207,0.0,POINT (596167.338057364 6731804.534658629)
607,-0.5436300257272534,-0.33183868170938624,0.0,POINT (596203.9832324433 6731809.739513057)
608,-0.6658123889119703,-0.29697121703812945,0.0,POINT (596047.7837606918 6731680.0146550145)
609,-0.943266791904456,-0.29887769199231495,0.0,POINT (596175.0116708105 6731759.620909306)
610,-0.8978216820365772,-0.25552049695878487,0.0,POINT (596163.1209473186 6731766.000390853)
611,-0.7654774630880601,-0.23072589930744175,0.0,POINT (596146.1198151178 6731756.228197638)
612,-0.8711305088035003,-0.27248359953771284,0.0,POINT (596113.8849232572 6731784.349734281)
613,-0.7825986779069998,-0.26706229974300166,0.0,POINT (596092.6644760808 6731790.955185859)
614,-0.8722801496664,-0.23523271625009137,0.0,POINT (596078.3698535075 6731791.1187561825)
615,-0.8822036264451693,-0.23863916399679172,0.0,POINT (596061.1262545848 6731811.031383759)
616,-0.8268042060823517,-0.2205150997080701,0.0,POINT (595968.8791361185 6731840.840455866)
617,-0.8499617265733056,-0.13011610614612815,0.0,POINT (595948.1831622049 6731860.502474749)
618,-0.6621957584121634,-0.07405836096201479,0.0,POINT (595867.3636828043 6731847.813507612)
619,-0.24974671902301582,-0.051003127119847,0.0,POINT (595867.3636828043 6731847.813507612)
620,-0.4434878922952961,-0.08160227394571468,0.0,POINT (595797.5149366749 6731847.470532656)
621,-0.5060367724920727,-0.18636614279376132,0.0,POINT (595763.3235241167 6731841.537212606)
622,-0.5857418215308283,-0.2003943264707059,0.0,POINT (595737.6910104156 6731840.9445613315)
623,-0.6272746951805088,-0.23328657486282459,0.0,POINT (595715.2742439049 6731844.080014574)
624,-0.5629351912575493,-0.24420495613637022,0.0,POINT (595700.9633852798 6731816.319362702)
625,-0.6421597052507529,-0.23738865090684472,0.0,POINT (595679.2975370027 6731833.939290169)
626,-0.5459292288628175,-0.17791979299142519,0.0,POINT (595646.450467617 6731831.432853131)
627,-0.715330918982811,-0.1787583652122063,0.0,POINT (595617.0136218441 6731811.7329504695)
628,-0.6219692437332829,-0.16232659903700697,0.0,POINT (595611.4259077422 6731792.841830326)
629,-0.5337751983508364,-0.14865467319809056,0.0,POINT (595595.4212304815 6731773.556192321)
630,-0.42875576945261246,-0.23638886580267343,0.0,POINT (595577.0201505193 6731782.889598865)
631,-0.22871770052645707,-0.2683466672896949,0.0,POINT (595582.6569171483 6731768.4445863115)
645,-0.3034715709390101,-0.22830285006590417,0.0,POINT (595755.6026681231 6731618.797399058)
646,-0.3440589021302467,-0.23544626875486077,0.0,POINT (595767.5182145803 6731608.6886156015)
647,-0.4421608699275096,-0.11525918795044993,0.0,POINT (595778.1126129883 6731609.165814831)
648,-0.5517486385924205,-0.07680520750235198,0.0,POINT (595792.2632027823 6731610.15729234)
649,-0.6263180400996794,0.0080588389528376,0.0,POINT (595797.2171337989 6731593.111561557)
650,-0.5982436643855913,0.03950305505969468,0.0,POINT (595807.7988467244 6731591.617721722)
651,-0.5002067945886318,-0.09151638135265254,0.0,POINT (595818.1077463345 6731584.2024777215)
652,-0.4689072961363686,-0.11954965230584791,0.0,POINT (595849.614466373 6731572.144609851)
653,-0.4878745265319992,-0.14116031957713027,0.0,POINT (595864.8637993283 6731566.814235834)
654,-0.45045279311637576,-0.19666084181200771,0.0,POINT (595878.2261647624 6731565.26927565)
655,-0.40606173889968633,-0.13106588851776194,0.0,POINT (595890.207416371 6731557.272383162)
656,-0.29805960350537014,-0.08799489872843975,0.0,POINT (595901.6562548813 6731561.0148060005)
657,-0.13503266695103214,-0.02313914877046464,0.0,POINT (595915.127448259 6731553.343570983)
658,-0.05412221750295138,-0.02055009554364342,0.0,POINT (595921.4834625568 6731527.252678273)
659,0.0164377035740902,0.0205982548163155,0.0,POINT (595909.3648309619 6731529.3834650945)
660,0.04199415868135377,0.005894433037736072,0.0,POINT (595899.1761884256 6731534.060223815)
661,-0.1632910205097956,0.07753364897680459,0.0,POINT (595886.324256836 6731534.385100559)
662,-0.12875334743259845,-0.0005021874960139781,0.0,POINT (595872.99543919 6731538.568751512)
663,-0.3483886238922116,0.004097481652227653,0.0,POINT (595861.1842102488 6731542.553681319)
664,-0.5024113220510028,-0.016037452578327553,0.0,POINT (595849.1429265192 6731546.956050355)
665,-0.5471887069964844,-0.1003814961933409,0.0,POINT (595837.4288716748 6731551.787641127)
666,-0.5980542662450868,-0.049440650095558696,0.0,POINT (595828.1234305246 6731555.844134164)
667,-0.5591505101916403,-0.019486099927903056,0.0,POINT (595818.4415120033 6731559.315820191)
668,-0.5640009026746509,-0.020339774788875276,0.0,POINT (595809.2037026897 6731565.356543924)
669,-0.7391110168381096,0.1520519758470638,0.0,POINT (595798.7455315772 6731569.794931217)
670,-0.7035509688922515,0.158310586689934,0.0,POINT (595789.4958527689 6731575.493401741)
671,-0.6725312614025095,0.13790837778162204,0.0,POINT (595769.0656513737 6731575.831350162)
672,-0.7740657302572669,0.1426694414757526,0.0,POINT (595750.6546080926 6731595.026042572)
673,-0.6452732491030436,-0.03960772469825205,0.0,POINT (595740.8400126963 6731601.106686042)
675,-1.0936120810488164,0.43565154073083423,0.0,POINT (595711.4801134778 6731615.738389054)
676,-1.1282195288322259,0.42956058865250496,0.0,POINT (595694.3012326573 6731620.87747948)
677,-0.9105957531199622,0.272614544163338,0.0,POINT (595677.5215122147 6731631.225044465)
678,-0.983425071951413,0.14597550356812916,0.0,POINT (595658.1009234405 6731639.850671538)
679,-0.8179877401083337,-0.04595864562292612,0.0,POINT (595638.8501286388 6731624.46804368)
680,-0.9946380824852316,-0.027500823892455884,0.0,POINT (595624.1662973247 6731634.6892522285)
681,-1.167539104263035,0.178314489733125,0.0,POINT (595610.4790875878 6731645.232397376)
682,-1.137973399860177,0.4139706458633948,0.0,POINT (595601.1572322692 6731653.119825931)
683,-1.2791702380001366,0.3891198339773365,0.0,POINT (595587.6957237418 6731656.6691530505)
684,-1.3123298662683844,0.45016211947285856,0.0,POINT (595581.2253336429 6731662.387773803)
685,-1.1964087412350268,-0.27136480736235946,0.0,POINT (595572.0711081203 6731670.451683779)
690,-1.0999339052037107,-0.21363405330777993,0.0,POINT (595521.590177493 6731660.633822343)
691,-0.847515347408067,0.025541726667907622,0.0,POINT (595510.6528705226 6731700.362261844)
692,-0.9138874569772798,-0.10846484039528068,0.0,POINT (595495.4985961592 6731706.400996435)
693,-0.6745657087236294,-0.30828460430427296,0.0,POINT (595750.4020117213 6731680.273417826)
694,-0.4802496440529211,-0.33444881371690327,0.0,POINT (595757.0092275032 6731676.823492147)
695,-0.7437014769301645,-0.12519226368427055,0.0,POINT (595780.0323283791 6731664.80327946)
696,-0.8043035606995284,0.08934889180726598,0.0,POINT (595788.2010707849 6731663.268978155)
697,-0.5137377213928094,0.07201143781939964,0.0,POINT (595793.9528585727 6731660.734180037)
698,-0.5486458775205908,0.007698265794717604,0.0,POINT (595807.4996069417 6731653.716791744)
699,-0.40642907175484444,-0.20898002640844052,0.0,POINT (595815.3638959621 6731648.765596276)
700,-0.4642575380191819,-0.11974279799626544,0.0,POINT (595829.1371382944 6731640.888068948)
701,-0.3899496019470526,0.027558949985106374,0.0,POINT (595839.3776120313 6731637.176285962)
702,-0.22898581463517784,0.022588752619686413,0.0,POINT (595854.3783074765 6731618.151138899)
705,-1.1190313474960962,-0.24708746249330504,0.0,POINT (595951.7899353752 6731589.6953924075)
706,-1.157180205440269,-0.2663253246419583,0.0,POINT (595960.8750132672 6731609.269862062)
716,-1.6784442256014391,0.07865309959185254,0.0,POINT (595830.4678522731 6731669.193952678)
718,-0.9909494499267004,-0.2565899942033607,0.0,POINT (595815.500087653 6731680.024022068)
719,-0.6439922243307805,-0.28397839246726947,0.0,POINT (595808.9681359939 6731681.904328098)
720,-0.7681476718121514,-0.3094210861156639,0.0,POINT (595802.4024200869 6731683.67732574)
721,-1.0908996408184173,-0.3170977757407487,0.0,POINT (595795.5369797973 6731689.420112233)
732,-1.4272528033753802,-0.3524264767062809,0.0,POINT (595730.3217170981 6731942.318949752)
733,-0.9513827042307931,-0.357049614748018,0.0,POINT (595753.91258216 6731944.656316396)
734,-0.8424680668436805,-0.30868331261282994,0.0,POINT (595787.6657386873 6731945.68577891)
735,-1.001553682834479,-0.28981256472169714,0.0,POINT (595805.9431265143 6731947.285426624)
737,-1.804033606282231,0.07302792901769994,0.0,POINT (595833.857159429 6731951.774424763)
742,-1.491070329187889,-0.37785319637460135,0.0,POINT (595778.246039672 6731973.931873471)
743,-1.9170276903581895,-0.4554593266995879,0.0,POINT (595738.0316482583 6731967.173656945)
762,-1.1490417379836895,0.16667813392117783,0.0,POINT (595641.0847553081 6732006.184652871)
763,-0.7311214511998329,0.1997016478967822,0.0,POINT (595632.4595838425 6732036.947473819)
766,-0.536418398531136,0.2823741503532448,0.0,POINT (595601.1378078958 6732033.706413019)
769,-0.7656314122873755,0.2633368574319758,0.0,POINT (595552.0017582822 6732051.771064117)
770,-1.0947338285397894,0.1752779956593,0.0,POINT (595552.981484525 6732087.41981575)
772,-1.2833381263806083,0.1686679104575181,0.0,POINT (595577.2983296935 6732055.828259486)
775,-0.030738303808729408,0.1667031649105644,0.0,POINT (595616.6605552986 6732087.506432372)
776,0.17585210661950076,0.3287727465166293,0.0,POINT (595644.3334561447 6732093.948977433)
777,0.17585210661950076,0.3287727465166293,0.0,POINT (595649.9654684291 6732062.152102169)
778,0.6782173702524255,0.3407216201586062,0.0,POINT (595700.6601729001 6732109.326903175)
779,0.6557413149924486,0.3367658076307599,0.0,POINT (595822.5287082139 6731980.843224627)
780,0.6594616777284106,0.3923338423580127,0.0,POINT (595828.286871231 6732001.314378683)
781,0.7032310918563347,0.4000373114383745,0.0,POINT (595825.1823456002 6732014.861181791)
782,0.652763033921239,0.4225559225994461,0.0,POINT (595821.7212218945 6732029.472880486)
783,0.3816067284663641,0.32698115665139726,0.0,POINT (595843.1296176593 6732048.089897885)
784,0.19593802661283002,0.2092546807469259,0.0,POINT (595817.3705962703 6732054.629575147)
785,0.05170858520940904,0.09827528870210557,0.0,POINT (595814.1387466025 6732066.900761542)
786,-0.4062262656536097,-0.13797155214186912,0.0,POINT (595838.2221481556 6732066.01154797)
787,-0.7246482610080409,-0.18480224977418608,0.0,POINT (595830.0991566079 6732093.282841114)
788,-0.8493900938390417,-0.011695152377493908,0.0,POINT (595829.1896424878 6732109.827582574)
789,-0.528990056439143,0.09137532417431701,0.0,POINT (595803.8113512273 6732118.079313243)
790,-0.21951501309640128,0.09923745157130129,0.0,POINT (595807.6415464047 6732089.441037111)
791,-0.21951501309640128,0.09923745157130129,0.0,POINT (595779.3052755677 6732164.378269805)
792,-0.0030335853892335036,-0.028096074320917798,0.0,POINT (595769.5694184983 6732120.843432237)
793,-0.0021950940021386724,-0.13835537811457072,0.0,POINT (595739.4695139421 6732065.138837739)
794,-0.1177152701128394,-0.1789361607668048,0.0,POINT (595736.2399933368 6732107.568772873)
795,-0.16821687702447732,-0.18782450380505872,0.0,POINT (595720.4834646696 6732136.920606843)
796,-0.37627758611502565,-0.2869548230123702,0.0,POINT (595732.7652815997 6732171.052811112)
797,-0.7303747316637813,-0.3511106863683708,0.0,POINT (595734.2953878713 6732189.570453057)
803,-1.3467376387094327,-0.2899298748321258,0.0,POINT (595669.8569764363 6732263.9177931)
804,-0.8185319701452578,-0.35125266931628796,0.0,POINT (595658.7468568546 6732269.495774159)
805,-0.7597532082284949,-0.3409075371268477,0.0,POINT (595647.0639248372 6732267.63144901)
806,-0.6768788557309627,-0.3414975904134831,0.0,POINT (595638.86721463 6732264.145045221)
807,-0.2742691918299014,-0.25241747111642854,0.0,POINT (595625.1687266369 6732263.51258921)
808,-0.29032279616218887,-0.21833232981926934,0.0,POINT (595608.2369930746 6732268.81458417)
809,-0.3427873855065699,-0.17530257708668182,0.0,POINT (595592.2238579897 6732269.932491478)
810,-0.3010883171057453,-0.07040140629008976,0.0,POINT (595586.7273263742 6732250.2847339865)
812,-0.9840482742419727,-0.018387856698691037,0.0,POINT (595575.2733142013 6732203.102181162)
814,-0.9824815908628391,-0.04686354428341943,0.0,POINT (595403.8649657335 6732388.975857213)
815,-0.7326378522185067,-0.09829086232444997,0.0,POINT (595425.667031839 6732379.385917727)
816,-0.7326378522185067,-0.09829086232444997,0.0,POINT (595445.9804497644 6732370.086403532)
817,-0.2996098115973748,0.8280036498900891,0.0,POINT (595458.6633850898 6732353.795629247)
818,-0.32913618135787504,1.1762777948390104,0.0,POINT (595470.910186266 6732336.418071169)
819,-0.2716626696611682,1.1310171124427018,0.0,POINT (595486.7500548619 6732330.403496149)
820,-0.10012051943727406,0.9239636588658401,0.0,POINT (595527.9107228911 6732342.143191252)
821,-0.3599579816450991,0.9525076599136154,0.0,POINT (595563.5722431556 6732338.689839477)
822,-0.15357604691078783,0.7664283768733333,0.0,POINT (595563.5722431556 6732338.689839477)
823,-0.13203017478952114,0.5320988131449284,0.0,POINT (595597.7511301549 6732321.105162)
824,-0.11113437002950285,0.22630064723191012,0.0,POINT (595618.9128519666 6732316.724436248)
825,0.027341625413768406,-0.08489226474814414,0.0,POINT (595637.6579388892 6732312.514566991)
826,-0.00981278860048363,-0.0914314859202902,0.0,POINT (595658.1778678353 6732307.001840878)
827,-0.07724187604590949,-0.20250278561150792,0.0,POINT (595679.4499988216 6732299.715482441)
828,-0.004142318772185068,-0.18963717636207977,0.0,POINT (595811.0140672601 6732366.838472462)
829,0.2618090382378746,-0.17788700320995285,0.0,
830,0.09708678154478717,-0.24680067378231513,0.0,
831,0.281470183295438,-0.25905582736626165,0.0,
832,0.014770812153149881,-0.26233067439556645,0.0,
833,0.2207942202095559,-0.2596626796408203,0.0,
834,0.03346975680518114,-0.19854985381056528,0.0,
835,0.06096394528447221,-0.09504293567682418,0.0,
836,-0.00491633245955304,-0.1066379431202289,0.0,
837,-0.00491633245955304,-0.1066379431202289,0.0,
838,0.060619810054527885,-0.0816961978475728,0.0,
839,-0.07078574800409654,-0.08473787047552707,0.0,
840,-0.07078574800409654,-0.08473787047552707,0.0,
841,0.04890320955728302,-0.09954363087602291,0.0,
842,0.1721661558995804,-0.09533505518838314,0.0,
843,0.1989602990223576,-0.043459339115369526,0.0,
844,0.18279391769420192,-0.046304641507099106,0.0,
845,0.1946135676653235,-0.006766754878368388,0.0,
846,-0.0006489124683527791,0.011511278879995417,0.0,
847,-0.0006489124683527791,0.011511278879995417,0.0,
848,-0.0375540505953866,0.05880765710114892,0.0,
849,-0.2574339613791637,0.06096437912087519,0.0,
850,-0.4353491294792625,0.12290980683298398,0.0,
851,-0.4484751519741069,0.12059961122146319,0.0,
852,-0.45557192352265036,0.06433030874344203,0.0,
853,-0.46723546842685126,0.062277510931839614,0.0,
854,-0.48439176033528014,-0.012865988228518477,0.0,
855,-0.6624364562383422,-0.01843056677755035,0.0,
856,-0.6658465274207321,0.0783185971967676,0.0,
857,-0.6658465274207321,0.0783185971967676,0.0,
858,-0.6649512359208963,0.14338074976598209,0.0,
859,-0.6649512359208963,0.14338074976598209,0.0,
860,-0.6116586923086151,0.12385503362505788,0.0,
861,-0.4999747041076679,0.10451886388019571,0.0,
862,-0.3048856336557734,0.07887789202636535,0.0,
863,-0.3048856336557734,0.07887789202636535,0.0,
864,-0.26275029761189905,0.08629376141534027,0.0,
865,-0.22898581463517784,0.022588752619686413,0.0,
866,-0.08115975213804996,-0.0026587249088784993,0.0,
867,0.024387189020109484,0.015917662596841287,0.0,
868,0.019587938956405614,-0.03053933140084481,0.0,
869,0.05085938378680599,-0.08652905401837876,0.0,
870,0.12002037631161991,-0.07435663686139124,0.0,
871,-0.04543366520465023,-0.09471606693270171,0.0,
872,-0.20380902412323507,-0.08630056766589292,0.0,
873,-0.09515441184859774,-0.08902678437113438,0.0,
874,-0.12454948881810726,-0.07707330444938572,0.0,
875,-0.16139206433026976,-0.10586756915337506,0.0,
876,-0.19498520370829436,-0.16706200970981236,0.0,
877,-0.19498520370829436,-0.16706200970981236,0.0,
878,-0.09030582908207824,-0.2537330776980114,0.0,
879,-0.007568098141415142,-0.23917113838993967,0.0,
880,-0.10865358899168298,-0.2585243534314459,0.0,
881,-0.10865358899168298,-0.2585243534314459,0.0,
882,0.05953341289019406,-0.2666815289969396,0.0,
883,-0.09738356079696768,-0.26582896316029614,0.0,
884,-0.09738356079696768,-0.26582896316029614,0.0,
885,-0.2134205407633112,-0.286251610005345,0.0,
886,-0.3758580202011263,-0.2763080168623988,0.0,
887,-0.5330011046848511,-0.2872417392314333,0.0,
888,-0.6837004304134815,-0.2844151007295279,0.0,
889,-0.9000976817213753,-0.32250127500760933,0.0,
891,-0.05154581622549914,-0.1069945307096031,0.0,
892,-0.05154581622549914,-0.1069945307096031,0.0,
893,0.20906291910180097,-0.09907467828354871,0.0,
894,0.20906291910180097,-0.09907467828354871,0.0,
895,0.19503836303082075,-0.07146432248319891,0.0,
896,0.16886885582284317,-0.07607018695823527,0.0,
897,0.08616737824531745,-0.04581049632378168,0.0,
898,0.1587367692768368,-0.024589969350964195,0.0,
899,0.08215283729209436,-0.014301207988686957,0.0,
900,0.0164377035740902,0.0205982548163155,0.0,
901,-0.05412221750295138,-0.02055009554364342,0.0,
902,-0.18257529365313677,-0.03150670776333652,0.0,
903,-0.4486601573052555,-0.1385632609546084,0.0,
904,-0.45454109946826016,-0.17304974505333237,0.0,
905,-0.4801327235978686,-0.18180699929850097,0.0,
906,-0.41901712689508996,-0.12177394247850648,0.0,
907,-0.33903346119007555,-0.10769672193605748,0.0,
908,-0.23863195724575179,-0.061797796764371096,0.0,
909,-0.17874282015195667,-0.05125723721968068,0.0,
910,-0.20541832361170603,-0.04320127666703923,0.0,
911,-0.20027420654044278,-0.04229590592827588,0.0,
912,-0.07959449528215805,-0.04486630393886374,0.0,
913,-0.23103239777563872,-0.035377842765217694,0.0,
914,-0.11938365275376671,-0.05211509558158176,0.0,
915,-0.19277543973667527,-0.06503213760830234,0.0,
916,-0.1659502096278716,-0.06031086512078872,0.0,
917,-0.07334759627283391,-0.088019183946713,0.0,
918,-0.07334759627283391,-0.088019183946713,0.0,
919,-0.05048577904600013,-0.08399547685268914,0.0,
920,-0.25708239653125114,-0.045548906509803505,0.0,
921,-0.37287894420249906,-0.04015179788228186,0.0,
922,0.30219218871681947,-0.08274889389454919,0.0,
923,0.5685908564096982,0.018730933203981923,0.0,
924,0.6158762682890561,0.02705322208132866,0.0,
925,0.8271550607405981,0.09890623755222981,0.0,
926,0.8572098037816082,0.10419590816691893,0.0,
927,0.8572098037816082,0.10419590816691893,0.0,
928,0.9874031530530534,0.1639494296477059,0.0,
929,0.6944852908871824,0.3435847935893805,0.0,
930,1.0437101558317936,0.20688188721718964,0.0,
931,1.2169495592871342,0.10993936768147314,0.0,
932,1.0943965298706055,0.12032341170296665,0.0,
933,0.8973389044101819,0.09479914362744893,0.0,
934,0.73910541748289,0.0466050986435487,0.0,
935,0.6748787544650018,0.03530112936383506,0.0,
936,0.36732154273738205,-0.03812973159485678,0.0,
937,0.03012757582390999,-0.11383835118112971,0.0,
938,-0.1898829540705956,-0.15422434301712062,0.0,
939,1.0092329625299874,0.019183194596515952,0.0,
940,1.1218737705095072,0.04108952975945054,0.0,
941,1.2235386136988682,0.08111112680528193,0.0,
942,1.1513577804349946,0.03927278610266071,0.0,
943,1.12980163646422,0.035478879058683424,0.0,
944,1.0182327132407951,-0.01602192400676789,0.0,
945,0.9875721759713016,-0.021418215128063328,0.0,
946,0.7803695189905979,-0.0751336957951763,0.0,
947,0.7803695189905979,-0.0751336957951763,0.0,
948,0.4836465481435946,-0.1406308273071046,0.0,
949,0.4836465481435946,-0.1406308273071046,0.0,
950,0.145693926552457,-0.17429537533040956,0.0,
951,0.29870092609310933,-0.173956148277875,0.0,
952,0.5744962501757205,-0.1696876413208389,0.0,
953,0.4836465481435946,-0.1406308273071046,0.0,
954,0.8389742490936339,-0.12808844100831146,0.0,
955,1.0425769878367837,-0.017855409093926182,0.0,
956,0.9425032593757534,-0.11062813866045515,0.0,
957,0.7255221170353258,-0.11845197038685037,0.0,
958,0.6430278722571903,-0.14379306755648302,0.0,
959,0.8066703295132333,-0.14794203932371175,0.0,
960,0.7991437175495185,-0.14926673200460755,0.0,
961,0.5011471951590714,-0.15730843143606635,0.0,
962,0.5011471951590714,-0.15730843143606635,0.0,
963,0.28394026851247645,-0.14549684951263275,0.0,
964,0.28394026851247645,-0.14549684951263275,0.0,
965,0.3476277408263638,-0.1674631567481068,0.0,
966,-0.0037113693537561554,-0.11113301028313137,0.0,
967,-0.3420325081337977,-0.056336540532185925,0.0,
968,-0.39985623125810765,-0.05176268015426349,0.0,
969,-0.14636092487197364,-0.09403679181527214,0.0,
970,-0.0797208741206494,-0.08230806341657394,0.0,
971,-0.10121973686785037,-0.0831146723350821,0.0,
972,0.1302143356613841,-0.11043139464527868,0.0,
973,0.027198594891406053,-0.08672560619189731,0.0,
974,-0.14699014681196043,-0.03592649818131525,0.0,
975,0.380329518097347,-0.12017986901080478,0.0,
976,-0.27927264173983624,-0.04792698776436089,0.0,
977,0.7290552980544902,-0.04448266546793383,0.0,
978,0.6339221546577011,-0.10923875988483112,0.0,
979,0.6339221546577011,-0.10923875988483112,0.0,
980,0.4145251936871973,-0.16280106355614138,0.0,
981,-0.0844178305784529,-0.18977279163251196,0.0,
982,0.19652416733798772,-0.185410864954128,0.0,
983,0.19652416733798772,-0.185410864954128,0.0,
984,0.1376223254053513,-0.19577765937313163,0.0,
985,-0.2977990846804416,-0.2239316218404893,0.0,
986,-0.38305299974079327,-0.23893641255410802,0.0,
987,-0.2005817223220562,-0.20862477639697946,0.0,
988,0.0638086214345712,-0.19470813016749397,0.0,
989,-0.19913252702003156,-0.17166780433591888,0.0,
990,-0.1309166361170896,-0.17760860310772889,0.0,
991,0.3713297925674005,-0.07543562402283789,0.0,
992,-0.21918261041751025,-0.08369737771772796,0.0,
993,-0.2954792051226064,-0.08767224128010606,0.0,
994,-0.34030230362506086,-0.08166355486621778,0.0,
995,-0.34030230362506086,-0.08166355486621778,0.0,
996,-0.46366969281957804,-0.08412704370589433,0.0,
997,-0.33721312612158644,-0.06481053265307761,0.0,
998,-0.33479962082709164,0.014166015123649848,0.0,
999,-0.299609625737352,0.02035949622256509,0.0,
1000,-0.3206533913188549,0.03008054459914024,0.0,
1001,-0.3386405109784176,0.04623023293189094,0.0,
1002,-0.34026627593167524,0.0349938256198845,0.0,
1003,-0.34026627593167524,0.0349938256198845,0.0,
1004,-0.4785633530468993,0.0725762440088439,0.0,
1005,-0.4785633530468993,0.0725762440088439,0.0,
1006,-0.48890268453139935,0.09850648238609458,0.0,
1007,-0.39954868646666003,0.11423289259772404,0.0,
1008,-0.6937722729670287,0.19968092562743706,0.0,
1009,-1.061373285445352,0.13371260689899905,0.0,
1010,-1.1413515862205537,0.06504587607966708,0.0,
1011,-1.722767535695198,-0.4655631643842631,0.0,
1012,-1.2133510906963412,-0.2107414394432567,0.0,
1013,-0.9040275382766261,-0.0343351930069637,0.0,
1014,-0.9227362415439961,0.10323340903002931,0.0,
1015,-0.6659352761231871,0.24657107314961835,0.0,
1016,-0.7675930367442368,0.5099674561336857,0.0,
1017,-0.6106023343208078,0.5375980069673922,0.0,
1018,-0.503589436930082,0.7173200840710499,0.0,
1019,-0.42332074232655276,0.5024257399511275,0.0,
1020,-0.42332074232655276,0.5024257399511275,0.0,
1021,-0.34646941234486994,0.1441668463945899,0.0,
1022,-0.2527046996737587,0.056777375349854775,0.0,
1023,-0.2869312522431351,0.05075346128340272,0.0,
1024,-0.30116368675978517,0.02568718568626112,0.0,
1025,-0.3604845041843582,0.012252198608951971,0.0,
1026,-2.1074351673403644,-0.03603620457230328,0.0,
